STORE,ORDER COUNT,CART SALES,DISCOUNT,NET REVENUE,IDEAL FOOD COST,GROSS MARGIN,KITCHEN EBITDA,REVENUE COHORT,CM COHORT,EBITDA CATEGORY,EBITDA COHORT,EBITDA %,GM %
Acevedo Inc,62737,26902844.009999998,5825975.75,21682253.259999998,8863918.37,12352225.89,4126429.15,INR 30 to 40 lacs,More than 30%,EBITDA -ve,10% to 20%,19.031366807307556,56.96929070000173
Adams LLC,134188,58848854.37,12342206.53,47503702.019999996,18202021.64,27994572.98,11720624.21,More than 40 lacs,10% to 20%,EBITDA +ve,10% to 20%,24.673075384872924,58.93135016764322
"Aguilar, Becker and Hernandez",63833,22655957.25,5019896.29,18149471.9,7856633.9,9743593.0,1082398.29,INR 20 to 30 lacs,0% to 10%,EBITDA -ve,0% to 10%,5.963800467384399,53.685270038077526
Aguirre-Goodman,66896,27948617.41,5667788.1,22867474.73,8148887.16,14080711.48,5799037.52,INR 20 to 30 lacs,0% to 10%,EBITDA -ve,10% to 20%,25.35932624161688,61.5752795017957
Allen Group,67258,25357081.04,4646579.04,21344627.68,9014016.35,11674091.06,3790471.21,More than 40 lacs,More than 30%,EBITDA +ve,0% to 10%,17.758432083365346,54.69334595580072
"Allen, Torres and Williams",60106,22905003.86,5176629.84,18345040.29,7081780.68,10667322.209999999,2777851.6,INR 30 to 40 lacs,More than 30%,EBITDA +ve,More than 20%,15.142248564666414,58.14826264412636
Alvarado Group,69479,27967394.8,6043202.899999999,22524320.990000002,9137947.74,12801667.870000001,4529774.35,INR 20 to 30 lacs,More than 30%,EBITDA -ve,10% to 20%,20.110592243873004,56.834866967503636
Alvarez and Sons,60897,22911838.240000002,5741269.27,17811999.48,6391768.32,10879743.97,2454001.1799999997,INR 30 to 40 lacs,More than 30%,EBITDA -ve,0% to 10%,13.777235861450855,61.08098072996351
Anderson-Parker,58286,23027610.41,5130451.11,18392745.29,7648345.33,10151844.57,1817984.1300000001,INR 30 to 40 lacs,10% to 20%,EBITDA +ve,More than 20%,9.884245670429769,55.19483040696205
"Andrews, Reed and Silva",48940,16661372.95,3562670.15,13421387.86,5402903.0,7454877.71,-779236.85,INR 20 to 30 lacs,0% to 10%,EBITDA +ve,More than 20%,-5.805933470728266,55.544760257006686
Arroyo-Turner,60825,25700648.759999998,6440222.93,19804190.04,8235834.82,11083622.879999999,3321256.26,More than 40 lacs,More than 30%,EBITDA -ve,0% to 10%,16.770472578236276,55.96604989961003
"Atkinson, Hale and Bowen",61216,24737159.45,6009938.609999999,19350102.43,7023998.51,11732246.93,4028741.74,INR 30 to 40 lacs,10% to 20%,EBITDA +ve,More than 20%,20.82026053647097,60.631446125114905
Ayers Group,58564,23873101.37,5914105.98,18432404.99,7151066.2,10657439.11,2126997.09,INR 30 to 40 lacs,More than 30%,EBITDA -ve,More than 20%,11.539444207925904,57.81903726497928
Bailey Inc,62091,26962892.25,6644255.609999999,20820222.9,8628356.01,11589698.15,3447753.4699999997,More than 40 lacs,More than 30%,EBITDA +ve,More than 20%,16.559637649220367,55.66558151497985
Baker Ltd,59528,22362863.700000003,4410223.89,18375928.21,7728167.47,10102537.32,2035715.8899999997,More than 40 lacs,10% to 20%,EBITDA +ve,0% to 10%,11.07816632028516,54.97701778407198
"Baker, Baker and Horn",61966,27542619.09,5548631.18,22486453.01,8867646.53,12939108.32,4469790.13,INR 20 to 30 lacs,More than 30%,EBITDA +ve,More than 20%,19.877702045815006,57.54179333773014
"Baker, Fletcher and Richmond",68121,27595099.14,6817525.359999999,21254882.53,8798693.33,11913067.15,4015090.74,INR 30 to 40 lacs,More than 30%,EBITDA +ve,0% to 10%,18.890204329913086,56.0486143980585
"Baker, Morgan and Torres",65364,27271284.32,4988489.29,22681092.990000002,9123041.35,12978512.24,4816393.95,INR 20 to 30 lacs,10% to 20%,EBITDA -ve,0% to 10%,21.235281527762034,57.22172315823656
Ball Ltd,72852,28070101.23,6614183.05,22107055.34,7840580.3,13611073.530000001,5340862.6899999995,INR 20 to 30 lacs,0% to 10%,EBITDA +ve,0% to 10%,24.15908680671896,61.56891237057898
Ballard Ltd,54499,22799592.28,5100085.29,18270968.6,6593883.09,10898907.92,2863471.4,More than 40 lacs,10% to 20%,EBITDA -ve,More than 20%,15.672247392510979,59.651505941507665
Ballard-Johnson,71323,26527563.419999998,6044729.0600000005,20978388.14,7245466.35,13047017.11,5102752.46,More than 40 lacs,0% to 10%,EBITDA -ve,10% to 20%,24.32385379632889,62.192657619500025
Ballard-Jones,64358,22868511.71,5250717.7,18158774.72,7399997.33,10195365.75,1661604.59,INR 20 to 30 lacs,0% to 10%,EBITDA -ve,More than 20%,9.150422402508886,56.14567010829683
Barber-Fields,64720,27370923.54,5694800.140000001,22180093.24,9072286.57,12503786.6,4372679.83,INR 30 to 40 lacs,More than 30%,EBITDA +ve,10% to 20%,19.714433941667238,56.37391360217745
"Barker, Morgan and Hughes",70907,28493674.66,6486591.01,22495197.8,9083406.01,12755826.54,4866824.44,More than 40 lacs,0% to 10%,EBITDA -ve,More than 20%,21.634948415523603,56.704664939643244
Barnes Inc,65923,25436169.259999998,6031838.27,19828476.03,6966623.08,12255501.83,3746032.91,More than 40 lacs,0% to 10%,EBITDA +ve,More than 20%,18.892187701830153,61.80758325278113
Barnes PLC,73609,33125665.58,7904794.66,25686721.63,9291864.77,15771802.99,7254693.48,More than 40 lacs,More than 30%,EBITDA -ve,0% to 10%,28.242971541868968,61.40060696410483
Barrett PLC,68828,29405394.44,6019555.92,23990617.400000002,9445109.47,13983468.379999999,5739585.5,INR 20 to 30 lacs,More than 30%,EBITDA +ve,More than 20%,23.924292586150784,58.287238493495366
"Barron, Ross and Williams",72862,26339881.66,5847866.5,21138264.0,8621433.1,11861856.58,3826228.32,More than 40 lacs,More than 30%,EBITDA +ve,10% to 20%,18.10095814869187,56.11556644386692
Bauer-Woods,75445,27891559.46,5990985.04,22362498.96,8726602.11,13081346.280000001,5051173.37,INR 20 to 30 lacs,More than 30%,EBITDA -ve,10% to 20%,22.587696388650834,58.49679994797863
Beck-Huff,71507,26146964.91,5270527.46,21336802.64,9012295.32,11762577.52,3768674.2800000003,More than 40 lacs,More than 30%,EBITDA -ve,More than 20%,17.662788298631423,55.12811698388563
"Becker, Miller and Anderson",65870,28646188.240000002,5546186.7,23657811.86,10403166.78,12700909.780000001,4486070.6899999995,INR 30 to 40 lacs,More than 30%,EBITDA -ve,More than 20%,18.962322959313617,53.68590237829375
Becker-Norris,72609,28367040.9,5880066.72,23070465.9,9253735.43,13217966.280000001,5146664.2,INR 30 to 40 lacs,0% to 10%,EBITDA +ve,0% to 10%,22.30845368406713,57.2938853393507
Berger Inc,68908,25142463.52,5741709.33,19959809.259999998,7572635.91,11771474.969999999,3644655.29,More than 40 lacs,10% to 20%,EBITDA -ve,More than 20%,18.25997053641183,58.97588908121661
"Berry, Allen and Kim",62987,28465657.72,7117012.57,21909746.25,8990807.88,12386470.78,4313325.93,INR 30 to 40 lacs,10% to 20%,EBITDA +ve,10% to 20%,19.686790895627098,56.53406770970704
"Bishop, Meadows and Sharp",76635,26871127.91,5662174.109999999,21719105.470000003,8451789.05,12773800.3,4689891.11,INR 30 to 40 lacs,10% to 20%,EBITDA -ve,0% to 10%,21.59338982205329,58.813657485314465
Black LLC,63907,23362030.62,5105479.23,18905833.27,6590245.21,11746499.11,3596899.68,More than 40 lacs,10% to 20%,EBITDA +ve,0% to 10%,19.025343282317014,62.131612726319155
Bowman-Martinez,58272,21658457.38,5093601.03,17122152.14,7522279.98,8847927.7,517367.27,INR 30 to 40 lacs,10% to 20%,EBITDA +ve,10% to 20%,3.021625235950041,51.675324618392274
"Boyd, Walker and Smith",69567,29579483.53,6683609.8,23501370.2,8455344.78,14403118.15,6352095.09,INR 30 to 40 lacs,More than 30%,EBITDA +ve,More than 20%,27.028615931508536,61.2862910861257
Bradley-Davis,56371,21165791.7,4266444.67,17449326.52,6143241.22,10667048.45,2462193.0,INR 20 to 30 lacs,More than 30%,EBITDA +ve,10% to 20%,14.110533132484473,61.131576842084336
Brooks Ltd,62540,23906209.73,5872585.02,18538615.31,6777779.890000001,11192584.549999999,3138874.93,More than 40 lacs,0% to 10%,EBITDA +ve,More than 20%,16.93155005113486,60.374436616970826
"Brown, Davidson and Parrish",68876,28125102.369999997,6340932.96,22396754.4,9119596.19,12561879.09,3881987.4899999998,More than 40 lacs,More than 30%,EBITDA -ve,More than 20%,17.332812695396616,56.08794410854458
"Brown, Newton and Vargas",71493,28907904.740000002,7006254.24,22493144.48,8013782.91,13849505.85,5440180.64,INR 30 to 40 lacs,10% to 20%,EBITDA -ve,More than 20%,24.185949833902455,61.572119728810804
Brown-Reed,58897,21977056.09,4495186.5,17914804.78,7615921.59,9786716.17,1690907.31,More than 40 lacs,0% to 10%,EBITDA -ve,10% to 20%,9.438603047953503,54.62920913838727
Brown-Watts,62659,25453977.4,5878168.22,20101417.66,8243085.57,11295028.940000001,3060087.68,INR 30 to 40 lacs,0% to 10%,EBITDA -ve,More than 20%,15.223243115281852,56.190210715715274
"Buchanan, Williams and Hines",68428,26588482.62,5898714.609999999,21237877.73,8727151.67,11948634.6,3654424.81,INR 20 to 30 lacs,More than 30%,EBITDA -ve,More than 20%,17.207109186987488,56.26096332178102
Bullock-Taylor,78284,29062639.86,6397792.03,23192604.42,10099659.57,12544246.49,4649264.9,More than 40 lacs,More than 30%,EBITDA +ve,More than 20%,20.04632518110271,54.087269643518546
Burke-Johnson,60808,25886280.939999998,6165259.43,20131026.41,7429188.0200000005,12043536.49,3948342.4800000004,More than 40 lacs,10% to 20%,EBITDA +ve,More than 20%,19.613219910330447,59.82574482152299
"Burnett, Dudley and Hayes",65995,25462590.73,5890205.6,20172290.83,7707487.42,11911111.54,4164592.74,More than 40 lacs,10% to 20%,EBITDA +ve,More than 20%,20.645115495789234,59.046895765977816
Burton Inc,66505,27883418.96,6076176.79,22387429.830000002,8070386.62,13620851.66,5292440.95,More than 40 lacs,More than 30%,EBITDA -ve,More than 20%,23.640234677175535,60.84151581235798
"Bush, Ortiz and Williams",70404,28433397.77,6722226.68,22222548.34,9186583.700000001,12396643.74,4018670.5,INR 20 to 30 lacs,10% to 20%,EBITDA -ve,0% to 10%,18.08375186551625,55.784078181917465
Byrd-Brown,59799,24114709.37,5578707.48,19048967.68,6701884.74,11692849.86,3543346.84,More than 40 lacs,0% to 10%,EBITDA +ve,10% to 20%,18.60125388170116,61.38311564398643
Cain-Gonzalez,61812,26250250.560000002,5406046.96,21464935.830000002,7197381.2700000005,13735798.68,5925357.18,More than 40 lacs,10% to 20%,EBITDA +ve,0% to 10%,27.604821309172294,63.991799410844074
Caldwell-Mack,73160,24070167.68,5715051.4399999995,18851341.53,6886117.09,11344497.08,3256142.51,More than 40 lacs,0% to 10%,EBITDA -ve,More than 20%,17.27273629209984,60.17872554028254
Camacho-Hayes,56065,20890563.68,4238078.21,17138859.439999998,7093550.46,9573580.39,1192742.41,More than 40 lacs,More than 30%,EBITDA +ve,More than 20%,6.9592869594127444,55.858911869341995
Campos PLC,65958,24682981.83,6373620.1899999995,18854793.52,6990925.46,11353690.16,3527385.66,INR 30 to 40 lacs,10% to 20%,EBITDA +ve,More than 20%,18.708163821886288,60.216465101867634
Cannon-Mills,70903,29551782.54,6790460.93,23268498.41,9539922.09,13157536.56,4948374.28,More than 40 lacs,More than 30%,EBITDA +ve,More than 20%,21.266410031312375,56.546564922923196
"Carson, Macias and Wiggins",65550,25536851.19,5152314.07,20807876.6,8784031.99,11475079.75,3550183.98,INR 20 to 30 lacs,More than 30%,EBITDA -ve,10% to 20%,17.06173122922115,55.147769138538614
Carter LLC,69127,27219925.19,5438229.2,22373390.3,9164372.67,12670951.14,5025610.41,INR 20 to 30 lacs,More than 30%,EBITDA +ve,10% to 20%,22.462444638978116,56.63402358828022
"Carter, Peterson and Jones",64982,26626397.05,6226397.27,20968522.91,8301282.0,12210017.14,4225574.45,INR 20 to 30 lacs,0% to 10%,EBITDA -ve,More than 20%,20.151989094018642,58.23022056635653
Carter-Meyers,73771,30440548.43,6614810.08,24380324.93,9140692.4,14711969.64,6952740.550000001,More than 40 lacs,10% to 20%,EBITDA -ve,0% to 10%,28.517833826917748,60.343615937197434
Chavez-Bell,60423,25610584.35,5626375.75,20474848.4,7345366.619999999,12580242.08,4517899.65,More than 40 lacs,0% to 10%,EBITDA -ve,10% to 20%,22.06560733314148,61.442418689654374
Chen LLC,61086,25331766.720000003,5391130.43,20626822.45,7896269.9,12254940.36,4021463.3400000003,INR 30 to 40 lacs,0% to 10%,EBITDA +ve,10% to 20%,19.496281357674654,59.412642881405134
Chen-Smith,63495,26694048.46,6974361.46,20302340.0,7723739.17,11996399.95,3913622.09,INR 30 to 40 lacs,More than 30%,EBITDA -ve,More than 20%,19.27670450795327,59.08875504005942
Chen-Williams,61494,24232964.07,5772405.37,19084527.72,7965824.64,10468837.36,2137752.2199999997,INR 20 to 30 lacs,More than 30%,EBITDA -ve,10% to 20%,11.20149396078427,54.855103115960155
"Clark, Thomas and Rodriguez",66594,29057568.82,6542146.08,22913923.14,8524794.5,13833890.530000001,5481963.13,INR 30 to 40 lacs,10% to 20%,EBITDA -ve,More than 20%,23.92415779919562,60.373295508924365
"Colon, Henderson and May",63458,25012617.97,5706120.57,19927226.29,7959168.73,11317346.03,3240262.11,INR 20 to 30 lacs,0% to 10%,EBITDA -ve,0% to 10%,16.260477313021973,56.793383410712494
Cooke-Valentine,60124,26655440.52,5498360.68,21717001.31,8710423.32,12346299.28,4268394.8,INR 20 to 30 lacs,More than 30%,EBITDA +ve,10% to 20%,19.654623302133974,56.85084742484643
"Cortez, Shepard and Krause",63550,24524342.61,5742060.24,19309721.86,7724683.3,11036233.85,2698266.6,More than 40 lacs,10% to 20%,EBITDA +ve,More than 20%,13.97361712179525,57.153769122182474
"Cross, Cordova and Cobb",67360,23663289.92,5105646.2700000005,19142496.259999998,8203478.46,10312977.78,2313393.16,More than 40 lacs,10% to 20%,EBITDA -ve,0% to 10%,12.08511747150787,53.874780174568514
Cruz-Murillo,60697,24433704.0,5933002.13,18960334.93,8118744.96,10251875.17,1949616.52,INR 20 to 30 lacs,0% to 10%,EBITDA +ve,0% to 10%,10.282605909641491,54.070116418560545
Daniel-Rice,65216,27736870.47,6389012.35,21907495.02,8420922.46,12941479.13,4897876.8,INR 30 to 40 lacs,10% to 20%,EBITDA +ve,More than 20%,22.35708279531084,59.07329486180571
"Davis, Burnett and Bailey",72100,28280853.23,5763356.7,23056227.62,9936147.67,12614702.129999999,4214391.78,More than 40 lacs,10% to 20%,EBITDA -ve,0% to 10%,18.27875682639535,54.71277581878765
"Davis, Cortez and Mcdonald",69286,29935523.5,5778580.96,24690894.27,9812248.24,14219760.690000001,6172002.38,More than 40 lacs,More than 30%,EBITDA +ve,0% to 10%,24.997079135765137,57.59111247451793
Davis-Olson,65119,26199718.7,5377581.13,21278573.42,7843377.64,12801600.24,4616383.44,INR 20 to 30 lacs,0% to 10%,EBITDA -ve,More than 20%,21.69498560303391,60.16192903217663
Dean-Richardson,67461,28633226.16,7356369.859999999,21877806.55,8740209.01,12511789.35,4792468.88,INR 30 to 40 lacs,More than 30%,EBITDA +ve,10% to 20%,21.905618687354192,57.18941394515621
Dean-Scott,62286,24426350.53,6021499.35,19018566.01,6392172.15,12137938.89,3751484.73,INR 30 to 40 lacs,10% to 20%,EBITDA +ve,0% to 10%,19.72538165089556,63.821525153988205
"Deleon, Leblanc and Berry",59675,24846957.39,5369573.67,19944607.97,8192621.6,11094591.129999999,2567805.6,INR 20 to 30 lacs,10% to 20%,EBITDA -ve,More than 20%,12.874685748962357,55.627020328943566
"Dorsey, Schultz and Sharp",58336,23889898.74,5349166.32,19139445.03,6769930.63,11717360.09,3580770.19,INR 30 to 40 lacs,0% to 10%,EBITDA -ve,More than 20%,18.70885067141364,61.22100234167552
Drake LLC,57800,22610315.66,5355011.95,17807633.740000002,6846809.0600000005,10491452.18,2043490.65,INR 20 to 30 lacs,10% to 20%,EBITDA -ve,More than 20%,11.475363205667547,58.91547598732226
Duffy-Bowen,62314,23934139.25,5547154.359999999,18903971.88,7254561.36,11012795.18,2808703.27,INR 20 to 30 lacs,0% to 10%,EBITDA -ve,10% to 20%,14.857741472687803,58.25651482084198
"Duran, Parker and Hale",72401,28516876.810000002,6071432.859999999,22921705.939999998,9323327.82,13111725.81,5104181.36,INR 20 to 30 lacs,10% to 20%,EBITDA -ve,10% to 20%,22.267894777817748,57.20222501903365
Eaton-Bryant,60315,24095260.03,4907294.2,19672564.44,7750904.609999999,11122495.18,3352195.77,More than 40 lacs,0% to 10%,EBITDA -ve,More than 20%,17.039953180603227,56.53810520698948
Edwards LLC,60693,23649431.93,6339792.14,17782138.77,6487581.22,10729848.05,2847354.1,INR 30 to 40 lacs,More than 30%,EBITDA +ve,10% to 20%,16.012438868173337,60.34059338296347
Edwards-Jackson,75475,31306937.45,8050904.34,23833375.95,9599665.34,13702619.54,5281149.98,INR 20 to 30 lacs,0% to 10%,EBITDA -ve,More than 20%,22.15863162264262,57.493405754798246
Edwards-Romero,62073,23436204.75,5647294.98,18220107.78,7469303.22,10217239.77,1702129.43,INR 30 to 40 lacs,10% to 20%,EBITDA +ve,0% to 10%,9.34203820609891,56.07672519487148
"Elliott, Hunter and Hill",61153,23876767.78,5954543.06,18501915.09,7214705.51,10704403.69,2797716.96,INR 30 to 40 lacs,0% to 10%,EBITDA +ve,More than 20%,15.121229053267696,57.855652444246516
Erickson-Terry,67447,27183139.86,5355596.75,22399279.38,8775113.83,12942971.43,4479832.74,INR 30 to 40 lacs,0% to 10%,EBITDA -ve,More than 20%,19.999896710962854,57.78298136482282
"Evans, Soto and Williams",62903,23868717.97,4953081.56,19417575.51,7305811.63,11564444.75,3204899.72,More than 40 lacs,0% to 10%,EBITDA +ve,0% to 10%,16.505148741919324,59.55658441520848
Ferguson-Henderson,66617,28064737.96,6520868.1899999995,22054103.14,8860967.38,12580271.95,4658727.07,INR 20 to 30 lacs,0% to 10%,EBITDA -ve,More than 20%,21.124083080714204,57.042772812569694
"Fernandez, Martin and Fields",64500,27425133.91,5751871.279999999,22307363.25,8031336.17,13684004.42,5319392.79,INR 30 to 40 lacs,0% to 10%,EBITDA -ve,10% to 20%,23.845905633871812,61.34299364134844
Ford Group,67423,26315861.05,5218272.68,21642519.46,9311123.78,11627471.48,3595196.27,INR 30 to 40 lacs,10% to 20%,EBITDA -ve,More than 20%,16.61172709880054,53.72512891343382
"Foster, Davis and Smith",67900,27316050.659999996,6322830.33,21607058.65,8342796.5,12643440.08,4434730.7700000005,More than 40 lacs,0% to 10%,EBITDA +ve,0% to 10%,20.52445379926805,58.51532263045901
"Fox, Huang and Shaw",60681,23447874.98,5384229.03,18503864.85,6769698.57,11116283.809999999,2704794.49,More than 40 lacs,0% to 10%,EBITDA +ve,10% to 20%,14.617457011960397,60.075470179409564
"Fox, Smith and Curtis",60805,25789582.740000002,6111170.550000001,20302326.42,8966890.56,10754700.620000001,2669095.8,INR 30 to 40 lacs,10% to 20%,EBITDA -ve,More than 20%,13.14674852912743,52.97275000664678
"Franco, Rangel and Mooney",67821,26383348.259999998,5783847.59,21159505.78,7946744.89,12684480.01,4316245.41,More than 40 lacs,More than 30%,EBITDA +ve,More than 20%,20.398611644699766,59.94695784430556
Frank PLC,63725,21972145.46,4676013.85,17834807.830000002,6910634.97,10416389.32,2292854.89,INR 30 to 40 lacs,0% to 10%,EBITDA -ve,0% to 10%,12.856067258225117,58.40483070683021
Frazier Inc,71357,24497873.36,5059539.5600000005,19963097.31,8016737.71,11291230.82,3161696.0700000003,INR 30 to 40 lacs,10% to 20%,EBITDA -ve,10% to 20%,15.837703042284076,56.56051585914952
Frederick Inc,64766,27415136.93,7139173.82,20900450.23,8076327.04,12143314.14,3934906.8000000003,More than 40 lacs,10% to 20%,EBITDA +ve,More than 20%,18.82689969210295,58.1007299190607
French PLC,69674,29747823.38,6627803.3100000005,23643159.439999998,9119158.51,13851422.71,5406226.24,INR 30 to 40 lacs,10% to 20%,EBITDA +ve,0% to 10%,22.865921340671722,58.58532885653966
Fuller LLC,77914,33538805.810000002,6477223.98,27592361.28,10812261.45,16185434.46,7620794.46,INR 30 to 40 lacs,More than 30%,EBITDA +ve,10% to 20%,27.6192181693556,58.65911328049993
"Garcia, Garcia and Watkins",66498,25156196.45,6911593.14,18719189.27,7051104.18,10952879.46,3195302.5100000002,INR 30 to 40 lacs,10% to 20%,EBITDA -ve,10% to 20%,17.06966292135792,58.51150550389195
Garcia-Deleon,70704,27058903.2,6517706.49,21004507.65,8126145.25,12219153.42,3885204.3200000003,More than 40 lacs,10% to 20%,EBITDA +ve,0% to 10%,18.497002570779138,58.173957817097424
Garza-Sanchez,72484,31296044.4,7708249.69,24058718.490000002,9844073.56,13663084.99,5348266.2,More than 40 lacs,10% to 20%,EBITDA +ve,More than 20%,22.230054365626355,56.790576753616605
"Gay, Walker and Ruiz",62444,23291869.11,5156416.93,18657579.41,7086511.62,10940549.9,2896290.56,More than 40 lacs,0% to 10%,EBITDA +ve,0% to 10%,15.52339934540308,58.638635053248855
"Gibbs, Mcdowell and Clark",66652,27565635.57,5905925.1,22303800.11,8254370.49,13507185.23,5166958.7700000005,INR 30 to 40 lacs,More than 30%,EBITDA -ve,10% to 20%,23.16627096959757,60.560017411310994
Gibson-Floyd,68557,25954139.55,5265409.49,21214504.01,8287585.54,12405944.54,4182355.8699999996,More than 40 lacs,More than 30%,EBITDA +ve,0% to 10%,19.714605950855784,58.47859810510837
Gilmore-Wall,61885,22516679.51,5089445.34,17915101.82,6827413.97,10410141.09,1888239.37,More than 40 lacs,0% to 10%,EBITDA -ve,More than 20%,10.53993099772402,58.10818824584274
Gonzalez Group,68590,27284277.96,6144320.5,21623722.23,8653221.53,12436530.639999999,4472961.68,INR 20 to 30 lacs,0% to 10%,EBITDA -ve,0% to 10%,20.685438114786585,57.513366605986036
Gonzalez Inc,69599,27194324.27,6673513.720000001,21091022.07,8242750.79,12129485.84,4087315.1399999997,More than 40 lacs,0% to 10%,EBITDA +ve,0% to 10%,19.37940762867923,57.51018513822076
"Gray, Webster and Sullivan",67228,25762928.02,6239690.74,19954262.58,7994392.71,11404166.8,3352249.3600000003,INR 30 to 40 lacs,10% to 20%,EBITDA +ve,0% to 10%,16.799665467767944,57.151532181551566
"Green, Howard and Campbell",61833,24637378.79,5435780.029999999,19758713.0,7409978.58,11867628.95,3735699.74,INR 20 to 30 lacs,More than 30%,EBITDA +ve,0% to 10%,18.906594473030708,60.06276294412495
"Green, Wright and Riley",66456,25844592.060000002,4635168.97,21619499.509999998,8441548.76,12582031.75,4737104.55,INR 30 to 40 lacs,0% to 10%,EBITDA +ve,0% to 10%,21.91125908261139,58.19760880301711
Green-Mcmahon,64065,25318861.57,5706439.62,20086078.61,7280565.24,12205430.14,3913959.62,INR 30 to 40 lacs,10% to 20%,EBITDA -ve,10% to 20%,19.48593200293166,60.76561969603882
Greene-Carpenter,69254,27628448.17,6412132.92,21844032.48,8945020.08,12282422.71,4026026.85,INR 20 to 30 lacs,10% to 20%,EBITDA -ve,10% to 20%,18.430785861933494,56.227817465688
Guerrero-Barron,72611,32350111.009999998,6707627.22,26051744.67,9960887.3,15567381.56,7125358.0,More than 40 lacs,10% to 20%,EBITDA -ve,10% to 20%,27.35079009201728,59.75562004462098
"Guzman, Hernandez and Turner",68118,25020165.799999997,5675515.01,19848392.830000002,7252160.07,12064405.879999999,3732639.1,INR 20 to 30 lacs,More than 30%,EBITDA -ve,More than 20%,18.805749825538896,60.78278469864402
"Guzman, Pearson and Williams",55330,21860956.18,5382627.03,16942568.31,5853436.12,10427411.190000001,1950085.63,INR 20 to 30 lacs,10% to 20%,EBITDA +ve,More than 20%,11.509976494230822,61.545634635838766
"Hahn, Farmer and Bowen",58883,22040563.7,4751630.73,17811071.11,6951281.87,10233247.879999999,2019912.1099999999,More than 40 lacs,10% to 20%,EBITDA -ve,More than 20%,11.340767197689324,57.454421560613255
Hall PLC,71853,30809294.02,6424936.25,25002512.33,9718011.35,14594860.069999998,6125510.74,INR 30 to 40 lacs,10% to 20%,EBITDA -ve,10% to 20%,24.499580918714823,58.37357413273996
"Hall, Clark and Waller",79102,30691628.73,7202268.99,24042963.8,9273563.23,14232562.07,6022299.890000001,More than 40 lacs,10% to 20%,EBITDA -ve,More than 20%,25.048076186014974,59.19637108133898
"Hall, Smith and Brown",68986,26806416.490000002,6047718.07,21278384.08,8116121.84,12617730.92,4216252.04,INR 30 to 40 lacs,0% to 10%,EBITDA -ve,More than 20%,19.814719125983558,59.298351193217115
Hamilton-Wilson,61228,24760415.75,5419491.85,19882947.39,8185324.72,11115490.81,2907933.55,More than 40 lacs,0% to 10%,EBITDA -ve,0% to 10%,14.625264016252068,55.90464327029535
Hammond Ltd,60299,23639130.32,5291331.13,18856927.060000002,7732102.73,10561484.15,2452663.9899999998,More than 40 lacs,10% to 20%,EBITDA -ve,0% to 10%,13.006700308040536,56.008511441948585
Haney Inc,62943,26206739.97,6047477.05,20791489.59,8707604.82,11634773.82,3633811.1100000003,INR 30 to 40 lacs,0% to 10%,EBITDA +ve,10% to 20%,17.477396673626213,55.959308589394816
Haney-Chan,63072,26016146.86,5975532.34,20494073.88,7877792.41,12126566.99,3655926.51,INR 30 to 40 lacs,More than 30%,EBITDA +ve,10% to 20%,17.838944718393883,59.17109043816915
"Hansen, Delgado and Bennett",49197,20003344.38,4079826.92,16462290.57,7165868.83,8595622.56,658163.51,INR 30 to 40 lacs,More than 30%,EBITDA +ve,0% to 10%,3.9980068824650807,52.214013131709656
Harris Ltd,67971,28189913.58,6917150.890000001,21867423.13,8525589.87,12738931.48,4475380.37,INR 30 to 40 lacs,More than 30%,EBITDA +ve,10% to 20%,20.46597051419474,58.25529329298711
"Harris, Miller and Copeland",68292,28820185.44,6016361.99,23267634.03,10261724.18,12382756.2,4345502.38,INR 20 to 30 lacs,10% to 20%,EBITDA -ve,10% to 20%,18.676167823497437,53.218802496353334
Harris-Randall,62434,23571524.580000002,5876431.59,18169301.45,6993314.0200000005,10511318.93,2178708.0100000002,More than 40 lacs,0% to 10%,EBITDA +ve,More than 20%,11.99114900479567,57.852080658830175
Harrison-Giles,75717,30114516.2,6357027.21,24371270.63,9650321.67,14182301.28,6139584.62,INR 30 to 40 lacs,0% to 10%,EBITDA -ve,10% to 20%,25.191893821253753,58.19270359478996
Harrison-Mora,69583,28303519.09,5799808.94,23101054.34,8306402.04,14256046.99,6150257.11,INR 30 to 40 lacs,10% to 20%,EBITDA +ve,More than 20%,26.62327450289007,61.711672463863835
"Harvey, Marshall and Martin",69611,27220810.7,6425712.67,21339640.98,8377869.63,12403398.399999999,4421250.4,INR 30 to 40 lacs,More than 30%,EBITDA -ve,10% to 20%,20.718485395999387,58.12374449797326
Hayes Group,60228,25459145.07,5796146.35,20269670.68,7836886.67,11864814.25,3610926.21,INR 30 to 40 lacs,10% to 20%,EBITDA +ve,10% to 20%,17.81442958302665,58.534815080676
Henderson Group,61551,25880718.39,5192320.17,21106893.97,9264757.540000001,11215832.879999999,3256365.41,INR 30 to 40 lacs,0% to 10%,EBITDA -ve,More than 20%,15.427970665074604,53.13824429090075
Henderson Inc,125858,50838659.6,11355618.64,40566480.36,16641458.11,22417684.02,5356931.890000001,INR 30 to 40 lacs,0% to 10%,EBITDA -ve,More than 20%,13.20531592206389,55.2615948464305
Hendricks-Best,59708,21965031.82,3827819.96,18632338.91,7371072.220000001,10657136.06,2293891.26,INR 30 to 40 lacs,10% to 20%,EBITDA -ve,0% to 10%,12.311343578925914,57.1969848309291
"Henry, Spencer and Moore",69570,25800670.13,6446063.67,19937512.28,7093733.22,12212267.44,3968489.48,More than 40 lacs,More than 30%,EBITDA -ve,10% to 20%,19.904637169708113,61.25271432309306
Hernandez-Martin,74077,30719972.36,6712969.81,24530065.6,9056892.94,14916103.24,6662307.93,INR 30 to 40 lacs,More than 30%,EBITDA +ve,More than 20%,27.159764016285383,60.80743314441034
Hess-Morales,73624,27039922.439999998,6177320.899999999,21285638.29,8509178.0,12201457.0,4318341.470000001,More than 40 lacs,10% to 20%,EBITDA -ve,More than 20%,20.28758269386152,57.322485864716825
Higgins Inc,71144,28017210.6,6897053.470000001,21644034.42,8022305.84,13003359.04,4797615.13,More than 40 lacs,10% to 20%,EBITDA +ve,0% to 10%,22.16599288701371,60.07825892193346
Higgins-Fernandez,66320,28163398.13,5984417.98,22719087.76,8885427.82,13178769.7,4744601.24,INR 30 to 40 lacs,More than 30%,EBITDA +ve,0% to 10%,20.8837665055967,58.00747740938345
Hill-Williams,68441,28410843.75,5730619.84,23183440.58,8758202.5,13869490.05,5387511.609999999,More than 40 lacs,More than 30%,EBITDA -ve,More than 20%,23.23861978729647,59.82498586497553
Hodges Inc,65254,27623574.02,6532645.37,21689500.11,8747365.780000001,12364313.3,4240289.390000001,More than 40 lacs,10% to 20%,EBITDA +ve,0% to 10%,19.549963662117804,57.005985556575375
Hodges-Roy,66024,22973294.39,5636915.779999999,17842651.94,7272329.24,9976397.52,2092259.9200000002,INR 20 to 30 lacs,More than 30%,EBITDA -ve,10% to 20%,11.726171238646042,55.91319919005267
Hoffman Inc,67045,29152430.16,5928689.37,23810410.92,9248464.94,13938070.350000001,5841224.51,INR 30 to 40 lacs,More than 30%,EBITDA -ve,10% to 20%,24.532228904514845,58.537714434371466
"Holt, Willis and Dunlap",71976,31955845.8,7577042.7,24933779.27,9030520.2,15301749.07,6989132.47,More than 40 lacs,More than 30%,EBITDA -ve,0% to 10%,28.030778624920426,61.369553745953255
Hopkins-Singleton,71464,29533736.7,5652357.65,24470257.630000003,10165871.41,13726283.96,5530756.55,INR 20 to 30 lacs,0% to 10%,EBITDA +ve,10% to 20%,22.601954722452177,56.09374518056514
Horne LLC,73912,29065783.1,6663122.04,22914407.49,8675574.33,13593421.969999999,5584046.24,INR 30 to 40 lacs,0% to 10%,EBITDA +ve,0% to 10%,24.36914959479932,59.322598570057984
Horton-Wells,65639,27143704.42,6632908.74,21008023.3,8590273.280000001,11707777.4,3529842.9000000004,INR 30 to 40 lacs,0% to 10%,EBITDA +ve,0% to 10%,16.80235617408136,55.73002863148957
Houston-Barnes,60020,22725648.42,4711316.81,18556073.62,6675957.65,11186611.4,3116147.9,INR 30 to 40 lacs,0% to 10%,EBITDA +ve,10% to 20%,16.79314257861842,60.285444157447785
Huang-Hart,74698,28751184.39,5935082.9799999995,23300781.61,9616552.81,13173526.51,5225453.61,More than 40 lacs,0% to 10%,EBITDA +ve,0% to 10%,22.426087233732073,56.53684382993537
"Hurley, Porter and Perkins",76788,29586763.520000003,6265759.38,23857792.439999998,9817050.03,13466383.67,5269266.8,INR 30 to 40 lacs,0% to 10%,EBITDA -ve,More than 20%,22.086145703764036,56.44438270584603
Jackson Group,63384,25741032.75,5511139.11,20679977.91,7858223.24,12208595.53,4213785.84,INR 20 to 30 lacs,10% to 20%,EBITDA +ve,0% to 10%,20.37616219097789,59.03582481147824
"Jackson, Nelson and Collins",72598,29692386.15,6663345.4,23490068.63,9211623.16,13721435.49,5700216.63,More than 40 lacs,10% to 20%,EBITDA +ve,More than 20%,24.266496278857403,58.41377352331729
Jackson-Kelly,70951,30402016.169999998,7481268.48,23396360.26,10271061.98,12470475.96,4174543.25,INR 30 to 40 lacs,10% to 20%,EBITDA -ve,0% to 10%,17.842703752245946,53.30092297014407
"Jacobs, Schneider and Sanchez",63536,21881348.71,4869316.3,17609852.32,6431026.99,10670679.77,2634975.53,More than 40 lacs,10% to 20%,EBITDA -ve,More than 20%,14.96307568126159,60.59494183197101
Jacobson-Terrell,58560,23569276.16,4915299.16,19101631.04,8281672.24,10132443.33,2023846.77,INR 20 to 30 lacs,10% to 20%,EBITDA -ve,More than 20%,10.595151616958464,53.0449117605823
"James, Foster and Velasquez",68241,27986903.45,6542625.46,21939581.98,8406010.540000001,12938891.540000001,4879082.88,INR 30 to 40 lacs,0% to 10%,EBITDA -ve,10% to 20%,22.238723073428403,58.97510514008435
Jarvis-Smith,68543,26678400.22,5901489.95,21338513.82,8629015.68,12111805.7,3883533.51,More than 40 lacs,10% to 20%,EBITDA +ve,More than 20%,18.19964381193254,56.760305812150506
Jenkins Ltd,58454,24472414.35,5971071.0200000005,19084190.8,7761231.32,10810953.120000001,2614241.74,INR 20 to 30 lacs,More than 30%,EBITDA +ve,More than 20%,13.698467843865824,56.648737341276224
Jenkins PLC,70666,28130105.5,6717621.91,21936975.43,7814495.08,13562548.69,4892581.72,INR 30 to 40 lacs,10% to 20%,EBITDA -ve,10% to 20%,22.302900122270866,61.82506213437464
Jensen-Edwards,61134,23518833.87,5693686.82,18433685.439999998,6658413.8,11344357.17,3548780.5300000003,INR 20 to 30 lacs,10% to 20%,EBITDA +ve,0% to 10%,19.251606205123572,61.54144925020485
Jimenez LLC,78425,35539964.73,6985877.6899999995,29120234.41,11348235.19,17204841.07,9170224.04,INR 20 to 30 lacs,10% to 20%,EBITDA +ve,0% to 10%,31.490900488256056,59.08208302091068
Johnson Group,67455,25190166.56,5643347.5600000005,20183716.01,7669661.89,12007431.32,3992707.91,More than 40 lacs,0% to 10%,EBITDA +ve,10% to 20%,19.78182762788486,59.49068701744976
"Johnson, Daniel and King",61490,24936141.01,5878478.49,19627749.54,6961876.43,12113791.55,3766439.2800000003,More than 40 lacs,10% to 20%,EBITDA -ve,More than 20%,19.189358781679257,61.717679478805906
Johnson-Ruiz,74940,26763504.74,6196626.21,21118046.53,7860205.41,12694683.62,4577934.36,INR 20 to 30 lacs,0% to 10%,EBITDA -ve,10% to 20%,21.677830634081854,60.112963582905785
"Johnston, Kirby and Smith",64841,27031546.78,6399121.76,21095694.36,9334437.620000001,11208681.92,2986936.89,INR 20 to 30 lacs,10% to 20%,EBITDA +ve,10% to 20%,14.158988270438707,53.132557424860224
"Jones, Knight and Rivers",67496,26175271.099999998,5334983.4799999995,21365614.59,9512603.89,11217869.43,3766343.73,INR 20 to 30 lacs,More than 30%,EBITDA -ve,More than 20%,17.628061735059127,52.5043142697633
Jones-Perez,68557,27698590.740000002,6168690.52,22099370.36,9277102.93,12264404.28,4105460.3200000003,INR 30 to 40 lacs,0% to 10%,EBITDA -ve,10% to 20%,18.57727280516059,55.496623117365594
"Kaufman, James and Flores",62397,24839431.9,5914770.76,19412031.15,7922600.3,10849689.05,2539934.45,INR 20 to 30 lacs,More than 30%,EBITDA -ve,10% to 20%,13.08433120868962,55.891570367689226
"Kaufman, Tate and Williams",63836,25895181.380000003,5439518.27,21068569.32,8418131.43,12027459.45,4199686.06,More than 40 lacs,10% to 20%,EBITDA +ve,10% to 20%,19.93341833616256,57.08721492817529
Keller Group,66046,24880425.63,4955220.9,20456506.15,8050222.95,11871210.629999999,3836692.75,INR 20 to 30 lacs,More than 30%,EBITDA -ve,10% to 20%,18.75536673695376,58.031467069463375
Kelley-Mills,69364,23183716.18,4920959.8,18730762.19,7189714.42,10861037.629999999,2689360.42,More than 40 lacs,0% to 10%,EBITDA -ve,10% to 20%,14.35798710548895,57.985027623694364
Kidd-Carter,62939,24757003.88,5562131.16,19712253.76,7393700.75,11665028.95,3299108.45,INR 20 to 30 lacs,More than 30%,EBITDA -ve,0% to 10%,16.736333095987906,59.176536037044194
Kim-Williams,69372,27989915.79,7158076.53,21405888.79,8112110.94,12685579.91,4177602.7300000004,INR 20 to 30 lacs,0% to 10%,EBITDA +ve,0% to 10%,19.51613768988473,59.26210322052224
"King, Navarro and Smith",73954,29820672.98,7175658.88,23252075.92,8995318.05,13638467.57,5193914.87,INR 20 to 30 lacs,10% to 20%,EBITDA +ve,More than 20%,22.337424356732445,58.65483846226836
Kirby-Olson,65065,25853817.78,5517410.36,20890908.04,7744520.61,12331167.629999999,3937036.66,INR 30 to 40 lacs,10% to 20%,EBITDA -ve,0% to 10%,18.845694272655468,59.026479875309434
Lane-Pena,62381,24233390.56,5489764.24,19278166.9,6596777.72,12023658.73,3941994.36,INR 30 to 40 lacs,10% to 20%,EBITDA -ve,0% to 10%,20.447972986477257,62.369305091969096
"Lang, Riddle and Foster",63879,23905853.13,4749842.3,19654349.25,7764235.75,11259557.06,2791506.4400000004,INR 30 to 40 lacs,10% to 20%,EBITDA -ve,0% to 10%,14.202996011175491,57.28786497472055
Lee LLC,76900,27165930.25,6999531.0600000005,20653535.28,7232134.25,12728718.86,4742792.96,INR 20 to 30 lacs,10% to 20%,EBITDA -ve,0% to 10%,22.96358902096881,61.629734025854376
"Lewis, Ford and Blanchard",67148,26802089.93,5564144.550000001,21713433.55,9030240.9,12026484.29,4125468.6100000003,More than 40 lacs,More than 30%,EBITDA +ve,More than 20%,18.99961422729479,55.38729866147769
Lin-David,67840,26837718.6,5420785.96,21989394.060000002,8498581.06,12938797.77,4785042.34,More than 40 lacs,0% to 10%,EBITDA -ve,10% to 20%,21.760683022658966,58.841083727434
Long Group,65384,27587863.55,4692377.25,23450531.01,9057222.4,13829278.84,5529321.38,INR 30 to 40 lacs,More than 30%,EBITDA +ve,0% to 10%,23.578661726858694,58.97213514739937
"Long, Freeman and Castro",68071,28133223.740000002,7313937.91,21302702.59,6943869.88,13722743.92,5598807.36,INR 30 to 40 lacs,More than 30%,EBITDA +ve,10% to 20%,26.282145827958068,64.41785431695313
Long-Beck,72148,27349380.93,6638003.54,21287680.52,7419374.9,13313327.09,5384287.640000001,More than 40 lacs,10% to 20%,EBITDA +ve,10% to 20%,25.29297466175991,62.54005492750603
Long-Stokes,70518,30518208.18,6681383.600000001,24402963.35,9372276.59,14296886.16,6423217.6899999995,INR 30 to 40 lacs,0% to 10%,EBITDA -ve,More than 20%,26.321465954256734,58.58668045739617
"Lopez, Harper and Travis",66206,29137199.02,6421238.65,23192470.64,8701859.52,13844516.91,6091405.4,INR 30 to 40 lacs,More than 30%,EBITDA -ve,0% to 10%,26.26458170219333,59.69401503142314
"Mahoney, Dixon and Hobbs",72635,32187398.61,6336067.18,26373716.62,9881997.870000001,15896913.66,7537180.5600000005,More than 40 lacs,0% to 10%,EBITDA +ve,More than 20%,28.578378499313683,60.27559137396995
Manning-Acosta,67463,29730631.439999998,7334128.4,22920726.560000002,8704503.71,13652422.27,5557329.26,INR 30 to 40 lacs,0% to 10%,EBITDA -ve,0% to 10%,24.245868670229445,59.56365403278908
"Marsh, Cox and Martinez",69577,27577103.88,6292954.39,21862737.34,7986032.97,13149335.36,5048508.95,INR 30 to 40 lacs,0% to 10%,EBITDA -ve,More than 20%,23.09184285337986,60.144963347942785
Marshall LLC,66424,24657169.65,5681883.05,19571775.29,7313071.3,11670516.879999999,3435367.43,INR 30 to 40 lacs,More than 30%,EBITDA +ve,More than 20%,17.552661315068676,59.62932185289769
Martin-Arroyo,61597,25313239.15,5374458.22,20389476.88,8276924.88,11516673.23,3711873.69,More than 40 lacs,10% to 20%,EBITDA +ve,0% to 10%,18.204850040272344,56.48341690068902
Martinez Ltd,66721,23866814.73,4819698.45,19641497.57,7568636.23,11499360.17,3441185.66,INR 20 to 30 lacs,More than 30%,EBITDA -ve,10% to 20%,17.51997599844929,58.546249485395016
Mason LLC,69882,29405989.549999997,7414002.09,22492827.78,8864015.26,13069937.49,4765393.23,More than 40 lacs,0% to 10%,EBITDA +ve,10% to 20%,21.186278917928032,58.10713360647978
Mason Ltd,71996,27842406.5,6282984.59,22153967.759999998,9077088.4,12468469.46,4605991.74,INR 30 to 40 lacs,More than 30%,EBITDA -ve,10% to 20%,20.790820813219423,56.280976821282515
Mcfarland Group,67865,27724675.47,6277103.16,22025753.44,9813869.27,11510622.74,3474712.31,INR 20 to 30 lacs,10% to 20%,EBITDA -ve,More than 20%,15.775679680903574,52.259836519808054
Mckenzie LLC,63244,25000547.58,5445603.49,20069029.05,7805549.48,11546092.52,3163232.09,More than 40 lacs,10% to 20%,EBITDA -ve,More than 20%,15.761759485818272,57.53189400062182
Mckinney Inc,55332,24374976.81,5651218.33,19210821.95,6890429.69,11735659.75,3445872.19,INR 20 to 30 lacs,More than 30%,EBITDA +ve,10% to 20%,17.93714084159736,61.088795578577525
Mcknight-Allison,62306,27059977.28,6102325.57,21404384.72,7810895.140000001,13026788.629999999,4669537.3,More than 40 lacs,0% to 10%,EBITDA -ve,10% to 20%,21.81579784275154,60.86037417290451
Mcmillan Ltd,68545,28463639.21,6927519.91,22072511.28,7935099.6899999995,13636544.86,5403127.63,More than 40 lacs,10% to 20%,EBITDA -ve,0% to 10%,24.478989098516386,61.78066775916038
Meadows-Rangel,72834,28408077.799999997,7057352.34,21947293.5,9135366.719999999,12258888.55,4023499.23,More than 40 lacs,0% to 10%,EBITDA +ve,0% to 10%,18.3325530776722,55.85603778434002
Medina Ltd,72455,28189695.52,5723619.02,23117571.75,8791315.6,13775366.51,5840762.609999999,INR 30 to 40 lacs,10% to 20%,EBITDA +ve,More than 20%,25.26546764151386,59.58829352395111
Mendez Ltd,72747,28837725.89,5541465.41,23828597.88,8521174.95,14838670.22,6571740.48,INR 30 to 40 lacs,10% to 20%,EBITDA -ve,More than 20%,27.579216003791156,62.27252771953699
Mendez and Sons,69321,29303146.2,6650293.6899999995,23100205.7,8461857.870000001,13996119.03,5904226.16,More than 40 lacs,More than 30%,EBITDA +ve,10% to 20%,25.5591930075324,60.58872034200111
"Mercado, Gonzalez and Miles",52458,23036920.1,4844276.2,18740501.439999998,7152214.2,10986159.98,2613456.0300000003,INR 20 to 30 lacs,More than 30%,EBITDA -ve,0% to 10%,13.945496807368249,58.62255081686866
Meza LLC,70688,26042644.11,6363799.92,20084139.52,7832411.5,11674004.540000001,3524530.27,INR 30 to 40 lacs,More than 30%,EBITDA -ve,0% to 10%,17.548823869154244,58.12549015791741
Miller LLC,67665,27961333.78,6261887.65,22181128.44,7852170.18,13759543.97,5717047.55,INR 30 to 40 lacs,0% to 10%,EBITDA +ve,10% to 20%,25.77437647261556,62.03265991277043
Miller PLC,62658,25786853.060000002,6364229.53,19977242.08,7571512.84,11903381.84,3636602.5,More than 40 lacs,10% to 20%,EBITDA -ve,10% to 20%,18.203726447509716,59.58471040362945
Miller-Salazar,65720,25862591.8,5374059.18,20903044.47,8283913.9,12064013.03,3514410.66,INR 20 to 30 lacs,10% to 20%,EBITDA -ve,More than 20%,16.812912899094073,57.7141432546548
Miranda-Burch,66263,28363165.770000003,5348711.029999999,23605235.82,8032783.7700000005,14967187.07,6588492.98,INR 20 to 30 lacs,0% to 10%,EBITDA -ve,More than 20%,27.911150857547334,63.406217095779894
"Mitchell, Archer and Barajas",63288,26492017.4,5515897.5,21585578.13,9034420.97,12046776.16,3643313.85,More than 40 lacs,More than 30%,EBITDA -ve,10% to 20%,16.87846314820941,55.80937460858271
"Montoya, Wood and Miller",68186,26137530.02,6359144.859999999,20309422.64,8279087.66,11522816.66,3393705.02,More than 40 lacs,0% to 10%,EBITDA +ve,0% to 10%,16.710002446430945,56.7363083838015
Moore PLC,55918,25034041.42,5940456.93,19731225.28,7493096.91,11646226.79,3345450.32,More than 40 lacs,More than 30%,EBITDA +ve,10% to 20%,16.955106804193356,59.024346561005856
"Moore, Rodriguez and Martinez",69219,26451211.54,5259839.67,21746565.9,8321352.53,12775944.96,4562064.99,More than 40 lacs,More than 30%,EBITDA +ve,More than 20%,20.978323708572304,58.74925272684089
Moore-Bentley,78574,31610749.23,7139443.27,24994817.5,10666540.53,13707163.24,5535929.21,More than 40 lacs,10% to 20%,EBITDA +ve,0% to 10%,22.148308184286602,54.84002129641474
Moore-Fields,69307,30054311.11,7005673.46,23611309.9,9841649.58,13264987.14,5183477.95,INR 30 to 40 lacs,More than 30%,EBITDA +ve,0% to 10%,21.95336883871911,56.180649003298214
Morris-Hamilton,72185,27260639.29,6319762.390000001,21375809.21,7731121.039999999,12982482.65,4611981.63,More than 40 lacs,More than 30%,EBITDA -ve,0% to 10%,21.575705437352187,60.73446166391939
Mosley PLC,60052,23839354.990000002,5409799.23,18954726.53,6918285.57,11520818.6,3706521.15,INR 20 to 30 lacs,10% to 20%,EBITDA +ve,10% to 20%,19.554601033856223,60.780716523479164
Mullins-Forbes,64763,28488640.66,6505806.350000001,22422391.259999998,8434518.68,13313450.19,5081535.57,More than 40 lacs,0% to 10%,EBITDA +ve,10% to 20%,22.66277272159241,59.37569296522926
"Myers, Washington and Reeves",66754,25649807.48,5330843.31,20834537.41,7797915.4,12356744.629999999,4529449.46,INR 30 to 40 lacs,More than 30%,EBITDA +ve,More than 20%,21.740100924083823,59.30894642311139
Nash-Freeman,59053,23782621.82,5812600.77,18534028.62,6512956.3,11391927.56,3205061.1399999997,More than 40 lacs,0% to 10%,EBITDA +ve,0% to 10%,17.292846610485054,61.46492915041155
"Navarro, Roberson and Brooks",62271,21899646.25,4904818.29,17465549.1,6540388.140000001,10298641.25,2148179.19,INR 20 to 30 lacs,10% to 20%,EBITDA +ve,10% to 20%,12.299522778817185,58.965459322432636
"Nelson, Leonard and Mccoy",67101,27401979.54,6292203.14,21625541.669999998,8591918.13,12366912.76,4284644.2700000005,INR 30 to 40 lacs,More than 30%,EBITDA +ve,10% to 20%,19.812887627891733,57.18660345583844
"Nelson, Turner and Koch",73778,30319274.99,6890410.76,23932221.58,8836551.74,14461596.459999999,6375013.91,INR 30 to 40 lacs,10% to 20%,EBITDA +ve,More than 20%,26.637785751271657,60.42730471827764
Nguyen-Ramirez,59472,22978790.46,4966603.93,18566735.4,6452100.19,11434618.95,3230478.47,More than 40 lacs,10% to 20%,EBITDA -ve,10% to 20%,17.399281028155333,61.58658861481917
"Nixon, Campbell and Kramer",61000,25516013.9,5696088.88,20358901.59,7660532.38,12048205.58,3826228.27,More than 40 lacs,10% to 20%,EBITDA -ve,10% to 20%,18.79388361442539,59.17905505235069
"Oconnell, Leonard and Hoover",64143,23401675.8,4986381.21,18947209.240000002,7366868.45,10994449.48,3106166.43,More than 40 lacs,0% to 10%,EBITDA +ve,More than 20%,16.393793886238836,58.026748640054606
"Olson, Middleton and Juarez",61752,25788302.77,5124012.8100000005,21111741.52,7770334.34,12767193.66,5122834.34,More than 40 lacs,0% to 10%,EBITDA -ve,More than 20%,24.26533280140311,60.47437464078994
Orozco Group,66899,26585953.419999998,5722949.98,21385083.88,8033062.24,12787782.1,4660001.01,INR 30 to 40 lacs,More than 30%,EBITDA -ve,0% to 10%,21.790894233331386,59.797670992347776
"Osborne, Short and Stewart",63318,26301671.259999998,6027786.79,20781139.93,7440364.13,12795851.219999999,4738204.359999999,INR 20 to 30 lacs,10% to 20%,EBITDA +ve,0% to 10%,22.800502647883373,61.57434704304981
Owens Inc,57517,22886007.6,5536490.86,17940811.1,6107542.8,11267159.420000002,3240521.72,More than 40 lacs,More than 30%,EBITDA -ve,10% to 20%,18.062292178083297,62.80183965595625
Pace Inc,61105,22978596.48,5929587.12,17505520.57,6207212.36,10795211.790000001,2511481.7,INR 20 to 30 lacs,10% to 20%,EBITDA +ve,0% to 10%,14.346798142661576,61.667470823462644
Pacheco Ltd,67678,29820432.729999997,7127770.38,23267799.22,8640311.21,14015310.379999999,5673866.99,More than 40 lacs,More than 30%,EBITDA +ve,0% to 10%,24.38506081453113,60.23479164266228
"Patterson, James and Allen",74652,29956272.97,6756460.08,23690160.41,8715118.45,14342188.41,6035974.9,INR 20 to 30 lacs,More than 30%,EBITDA +ve,0% to 10%,25.478826633238487,60.54069774869878
Paul Ltd,66648,27354623.55,5375713.5,22606554.05,9504637.69,12437842.8,4383822.8100000005,More than 40 lacs,0% to 10%,EBITDA +ve,More than 20%,19.391822390551383,55.018747096486386
Perez and Sons,75422,29974086.28,6769656.71,23680541.810000002,8782696.120000001,14287745.41,5815045.609999999,INR 30 to 40 lacs,0% to 10%,EBITDA +ve,0% to 10%,24.556218589324576,60.33538220804754
"Perez, Krueger and Brooks",80048,31638100.3,6784479.01,25378643.54,10614669.7,14255972.97,6406467.24,More than 40 lacs,10% to 20%,EBITDA +ve,10% to 20%,25.24353687344474,56.173108493882886
Perkins-Williams,68970,26831562.54,5859178.17,21472396.79,7860169.61,12973681.42,4879319.36,INR 30 to 40 lacs,10% to 20%,EBITDA +ve,0% to 10%,22.723682911226607,60.420276072962785
"Perry, Allen and Figueroa",58328,23798212.57,5059891.98,19309236.41,6925002.16,11810107.45,3597235.67,More than 40 lacs,More than 30%,EBITDA +ve,0% to 10%,18.629611205842604,61.16299577690032
Peterson-Gross,65833,25102118.15,5489218.890000001,20053741.12,7631494.35,11702720.84,3388615.0300000003,More than 40 lacs,10% to 20%,EBITDA -ve,More than 20%,16.897670163999802,58.35679622057472
"Powers, Mercer and Peterson",74005,26136447.46,5946228.86,20710710.68,8710075.24,11523697.36,3137182.55,More than 40 lacs,More than 30%,EBITDA -ve,0% to 10%,15.147633504578511,55.64124543117802
Price Group,59017,21310152.21,3996650.3200000003,17796564.31,6282172.1,10859231.74,2575701.44,INR 30 to 40 lacs,10% to 20%,EBITDA -ve,0% to 10%,14.473026338868664,61.018697490380944
"Price, Blevins and Kim",79482,31613019.84,6816787.47,25280039.71,9294232.92,15299309.7,7172797.359999999,INR 30 to 40 lacs,0% to 10%,EBITDA -ve,0% to 10%,28.37336270940533,60.519326217466606
Ramos-Martin,65740,26514437.47,6639532.84,20446183.509999998,7211242.300000001,12728995.73,5084020.17,INR 30 to 40 lacs,More than 30%,EBITDA -ve,0% to 10%,24.865374838846883,62.25609646795155
Ray-Miles,70920,28834935.37,7018473.41,22503726.0,9638178.36,12189637.790000001,3999872.9,INR 30 to 40 lacs,10% to 20%,EBITDA -ve,More than 20%,17.774269469864677,54.16719786758869
Reed LLC,62578,24043629.83,5593116.1,18954935.41,6562148.82,11786684.879999999,3431920.84,INR 20 to 30 lacs,10% to 20%,EBITDA -ve,0% to 10%,18.10568469776706,62.18266971134986
Reyes PLC,120702,44495317.64,9953227.63,35518559.51,13803804.16,20386211.080000002,3422322.34,INR 20 to 30 lacs,0% to 10%,EBITDA +ve,0% to 10%,9.635307251231485,57.39593992898392
Reyes and Sons,70625,26438854.27,6339060.569999999,20699103.009999998,7315593.75,12875164.74,5023825.74,INR 30 to 40 lacs,More than 30%,EBITDA +ve,10% to 20%,24.270741285614776,62.20155884909527
"Reyes, Dunn and Goodman",69089,25623871.43,5825140.47,20353857.14,8703143.27,10995024.08,2714101.75,More than 40 lacs,More than 30%,EBITDA +ve,More than 20%,13.334581899300883,54.01936352590514
"Rhodes, Garrett and Chung",61804,25715158.63,6103866.0600000005,20159950.27,7563809.96,11935821.51,3482966.06,More than 40 lacs,10% to 20%,EBITDA -ve,More than 20%,17.27665997858635,59.20560988566367
Rice-Chan,65760,26240369.55,5924231.56,20912579.490000002,7677797.16,12636778.31,4841066.9799999995,INR 20 to 30 lacs,More than 30%,EBITDA +ve,10% to 20%,23.149066724718995,60.42668392984552
Richards Inc,70961,26872306.169999998,6734720.66,20764645.48,8352268.51,11750882.98,3640067.94,More than 40 lacs,0% to 10%,EBITDA +ve,0% to 10%,17.530123225585644,56.59081919466511
Richardson-Wade,67509,24756611.060000002,4827343.48,20453048.2,8096830.78,11890382.66,3895603.56,INR 20 to 30 lacs,More than 30%,EBITDA -ve,0% to 10%,19.04656715178523,58.135015102541054
Riggs and Sons,58413,23263756.3,5448963.54,18277561.99,7180739.46,10534381.28,2397714.05,More than 40 lacs,10% to 20%,EBITDA -ve,0% to 10%,13.118347246267497,57.63559322498022
Rivers Ltd,62472,24486081.48,5682559.48,19345890.97,7756636.890000001,10920279.0,2653782.62,INR 30 to 40 lacs,10% to 20%,EBITDA +ve,More than 20%,13.717551825942087,56.447537189857336
Robbins PLC,66777,26760560.12,5811163.66,21524104.35,8338165.67,12534684.76,4750588.87,INR 20 to 30 lacs,0% to 10%,EBITDA +ve,More than 20%,22.071017649568308,58.23556955576643
Robinson and Sons,71174,27704416.7,5865714.02,22400663.75,7831706.28,14015313.54,5835933.18,INR 20 to 30 lacs,10% to 20%,EBITDA +ve,10% to 20%,26.05250114519486,62.56651006602427
Robinson-Daniels,71306,26913145.200000003,6042842.76,21435102.15,8738536.11,12060117.08,3617168.3899999997,INR 30 to 40 lacs,More than 30%,EBITDA -ve,10% to 20%,16.874976217456467,56.26339914596582
"Robles, Contreras and Rojas",70564,26072039.65,5278222.21,21353815.919999998,8411369.33,12448119.14,4242172.899999999,INR 20 to 30 lacs,10% to 20%,EBITDA +ve,10% to 20%,19.866111592854825,58.29458859547948
"Rodriguez, Montoya and Phillips",56053,23755442.5,5682378.55,18687149.57,7451627.57,10694811.49,2789156.97,More than 40 lacs,More than 30%,EBITDA -ve,10% to 20%,14.92553457418493,57.23083368032357
Rogers-Duffy,62912,27723859.15,6656169.8100000005,21644109.45,8601035.51,12502127.05,4300918.86,INR 20 to 30 lacs,0% to 10%,EBITDA +ve,10% to 20%,19.871082568379826,57.76226126965922
"Rojas, Allen and Lindsey",64902,22903172.88,6277752.84,17077611.25,6753126.7700000005,9646813.91,1419210.99,More than 40 lacs,10% to 20%,EBITDA -ve,More than 20%,8.310360092076694,56.4880753448466
Rose and Sons,78261,31302044.86,6314377.8,25480625.53,9505814.51,15410647.780000001,7499551.77,INR 20 to 30 lacs,0% to 10%,EBITDA -ve,More than 20%,29.432369158952902,60.47986444389303
"Russell, Ortiz and Cole",69314,28684078.67,5888722.55,23278656.77,8834673.84,13883642.96,5575807.699999999,More than 40 lacs,More than 30%,EBITDA -ve,10% to 20%,23.952446032821502,59.64108280462439
Russell-Thompson,65310,24747504.75,5811071.72,19536368.59,8687180.48,10215304.120000001,2109314.61,More than 40 lacs,More than 30%,EBITDA -ve,10% to 20%,10.79686125025142,52.28865371238371
Salinas-Kramer,62389,25304711.01,5657889.21,20082487.68,7778821.4799999995,11597593.629999999,3427096.1100000003,More than 40 lacs,More than 30%,EBITDA +ve,More than 20%,17.065097534769162,57.7497858572071
Sanchez LLC,64382,25668640.14,5422454.46,20777540.5,8605534.6,11529890.76,3581386.42,More than 40 lacs,More than 30%,EBITDA -ve,More than 20%,17.236815974441246,55.49208656337357
Sanchez and Sons,144090,51326220.13,10818210.94,41573051.85,15198622.32,25199961.63,9167939.5,INR 30 to 40 lacs,0% to 10%,EBITDA +ve,10% to 20%,22.052601606153193,60.61609746843736
Sanders LLC,65997,24506012.85,5705919.23,19338106.28,6776080.3100000005,12058893.1,4239393.79,INR 30 to 40 lacs,More than 30%,EBITDA +ve,10% to 20%,21.92248676585513,62.35819022502548
Sanders Ltd,147075,61987141.58,14313945.64,48756038.51,19462345.81,28171667.64,11702593.79,INR 20 to 30 lacs,0% to 10%,EBITDA +ve,0% to 10%,24.00234749917134,57.78087904787817
Sanders-Garcia,69374,26328622.09,5661993.26,21265769.310000002,8565576.15,12112136.489999998,4355221.26,INR 30 to 40 lacs,0% to 10%,EBITDA +ve,10% to 20%,20.479960995119058,56.95602314421983
"Savage, Cunningham and Foster",65585,24990699.299999997,4968934.94,20415843.380000003,7158587.4399999995,12714427.6,4792042.55,INR 30 to 40 lacs,More than 30%,EBITDA -ve,10% to 20%,23.47217531407218,62.27725871200329
Schaefer-Gutierrez,67156,23036671.97,4295781.01,19353444.91,7322697.38,11476364.22,3515246.41,INR 30 to 40 lacs,10% to 20%,EBITDA +ve,10% to 20%,18.163414453328972,59.298818754846685
Scott LLC,53746,21296145.29,4398335.17,17343491.87,6917279.73,9822684.370000001,1572089.81,INR 20 to 30 lacs,10% to 20%,EBITDA +ve,More than 20%,9.064436514767426,56.63614019383745
Scott and Sons,66247,26366816.38,5733180.029999999,21233585.95,8490423.67,12191625.95,4206884.93,INR 30 to 40 lacs,0% to 10%,EBITDA +ve,More than 20%,19.812409170576295,57.41670756276568
"Scott, Taylor and Dean",70740,29402319.31,6871449.48,23082600.18,8850442.43,13623238.8,5241694.53,INR 30 to 40 lacs,0% to 10%,EBITDA -ve,0% to 10%,22.70842318077183,59.01951553882523
Scott-Bell,71816,28226929.86,5542616.91,23203797.48,9130866.92,13542889.39,5745518.8,INR 20 to 30 lacs,More than 30%,EBITDA -ve,0% to 10%,24.761114231203848,58.36496979286685
Serrano-Yang,66074,25233112.759999998,5421718.78,20385365.32,8539322.16,11290868.81,3025437.2199999997,INR 30 to 40 lacs,10% to 20%,EBITDA -ve,More than 20%,14.841221496441642,55.38713009436517
Simpson LLC,68620,28062657.310000002,6016788.13,22652584.92,8505415.76,13481386.68,5314157.2700000005,INR 20 to 30 lacs,0% to 10%,EBITDA +ve,0% to 10%,23.459385711465195,59.5136790243186
Smith LLC,76424,32241672.23,7294294.91,25503355.12,10403572.19,14397322.3,6450079.84,More than 40 lacs,10% to 20%,EBITDA +ve,More than 20%,25.291103110358133,56.452659786356776
Smith Ltd,136514,57347414.51,12357430.0,46029779.06,16499664.64,28348194.39,12096497.47,More than 40 lacs,0% to 10%,EBITDA -ve,0% to 10%,26.279720904660802,61.58664014669289
Smith PLC,63879,26582750.39,5140961.63,22059784.9,9045504.08,12461155.25,4425764.109999999,INR 30 to 40 lacs,10% to 20%,EBITDA -ve,10% to 20%,20.062589594878595,56.48810859438617
"Smith, Duffy and White",56060,19700693.89,4391198.5,15782509.89,6235598.49,9005047.91,1093576.91,INR 20 to 30 lacs,10% to 20%,EBITDA +ve,0% to 10%,6.929043083907105,57.057134592424454
"Smith, Flynn and Dawson",68278,24154372.759999998,5400511.2,19373889.439999998,7398757.82,11398845.85,3472873.28,INR 30 to 40 lacs,More than 30%,EBITDA +ve,10% to 20%,17.92553472938576,58.83612521534035
"Smith, Mcclain and Edwards",70908,28787769.979999997,6160048.69,23096973.62,9462387.03,13004503.57,5067202.82,INR 30 to 40 lacs,10% to 20%,EBITDA -ve,10% to 20%,21.93881719470051,56.30392874822013
Smith-Bradley,69686,26248405.160000004,6302293.49,20510919.419999998,7919639.83,11974805.66,4072122.81,INR 20 to 30 lacs,10% to 20%,EBITDA -ve,10% to 20%,19.853438681199794,58.382588390082034
Smith-Carpenter,66778,28594883.19,5995425.05,23168349.61,9340101.58,13202875.76,5098576.9,More than 40 lacs,More than 30%,EBITDA -ve,0% to 10%,22.006646937852388,56.98669081850064
Smith-Mccann,69835,29821177.02,6073532.11,24178065.08,9818083.1,13668645.48,5793303.99,More than 40 lacs,10% to 20%,EBITDA +ve,0% to 10%,23.960990967768545,56.533247945083296
Smith-Owen,68319,29888153.17,6904822.87,23591982.12,9539227.94,13412124.0,5470192.13,More than 40 lacs,10% to 20%,EBITDA +ve,More than 20%,23.186657662658487,56.85034827417036
Smith-Smith,66070,23385892.32,4964667.99,19072345.91,7641115.7,10764001.03,2875302.56,More than 40 lacs,More than 30%,EBITDA +ve,More than 20%,15.075767677286217,56.43774017519378
Smith-Taylor,71486,29696349.52,6879630.13,23232671.35,7917192.640000001,14810359.99,6363654.4399999995,INR 20 to 30 lacs,More than 30%,EBITDA +ve,0% to 10%,27.390971723103203,63.74798561423286
Snyder Inc,59701,26853885.97,6364892.300000001,20942159.1,8468582.41,11917168.05,3443619.23,More than 40 lacs,10% to 20%,EBITDA -ve,More than 20%,16.443477549552185,56.905154779384716
Stafford Ltd,62648,26345281.33,6351222.16,20586009.82,8690643.94,11211120.379999999,2921021.89,INR 30 to 40 lacs,More than 30%,EBITDA +ve,More than 20%,14.189354399132412,54.45990008762174
Stafford-Walker,67519,25230907.05,6242383.35,19495163.79,6993108.46,11942235.01,4047585.15,More than 40 lacs,10% to 20%,EBITDA +ve,0% to 10%,20.761996121705835,61.25742332119181
Stephenson Ltd,53524,20746340.74,4270459.82,17009412.439999998,6879342.88,9566735.15,1710325.31,More than 40 lacs,More than 30%,EBITDA -ve,0% to 10%,10.055169842186508,56.243771992396944
"Stevens, Chang and Webster",57116,23537541.15,5179821.01,18781569.05,7906955.63,10284217.32,2079886.62,INR 30 to 40 lacs,10% to 20%,EBITDA +ve,More than 20%,11.074083397734015,54.756965685995226
Stewart-Young,77413,31615519.84,6976644.99,25090308.41,10556980.85,14040462.82,5820529.4,INR 20 to 30 lacs,0% to 10%,EBITDA -ve,10% to 20%,23.19831747337218,55.9597059970934
Stone Ltd,63599,22670591.240000002,4974870.04,18178310.58,7589386.16,9970516.12,1985158.2599999998,More than 40 lacs,More than 30%,EBITDA -ve,10% to 20%,10.920477187710146,54.84841991295761
"Summers, Graves and Johnston",62373,24504980.14,6263826.89,18821931.82,6734323.720000001,11547425.45,3462860.4,More than 40 lacs,10% to 20%,EBITDA -ve,10% to 20%,18.39800735182984,61.35090468094151
"Taylor, Weiss and Rodgers",72218,31012053.68,7221621.02,24357246.76,8622864.67,15092465.42,6951081.720000001,INR 30 to 40 lacs,More than 30%,EBITDA -ve,More than 20%,28.538043681583986,61.96293681593428
Thomas LLC,59208,21301728.87,4847652.9,17042754.46,7235124.2,9144426.629999999,979098.0899999999,INR 20 to 30 lacs,More than 30%,EBITDA +ve,More than 20%,5.7449521572230635,53.655802244069875
"Thomas, Dean and Kelley",67983,27342260.490000002,7242388.36,20633677.119999997,9091767.620000001,10971871.41,2753082.05,INR 20 to 30 lacs,10% to 20%,EBITDA +ve,0% to 10%,13.34266322957757,53.17458127405262
"Thomas, Hanson and Robles",67917,29544462.240000002,6500906.18,23512623.14,9335412.62,13449060.62,5237066.69,INR 30 to 40 lacs,10% to 20%,EBITDA -ve,0% to 10%,22.273425890498068,57.199320296680426
"Thomas, Williams and Jones",67697,26014465.619999997,6861525.42,19660069.96,7395115.8100000005,11801334.299999999,3766427.68,More than 40 lacs,More than 30%,EBITDA +ve,10% to 20%,19.157753190416418,60.02691915141079
"Thomas, Wilson and Mcconnell",66913,26034775.05,6505591.29,20154774.02,8830378.39,10896538.33,2665261.23,More than 40 lacs,More than 30%,EBITDA -ve,0% to 10%,13.223969801671833,54.06430416529175
Thomas-Coleman,70341,26063041.75,6449486.45,20120211.52,7883766.75,11715841.84,3258846.28,INR 20 to 30 lacs,More than 30%,EBITDA +ve,More than 20%,16.196878828836486,58.22921805943321
Thompson and Sons,68556,29268093.200000003,6485498.65,23426500.76,9834320.44,12900920.719999999,4560312.01,INR 20 to 30 lacs,0% to 10%,EBITDA +ve,0% to 10%,19.46646687321986,55.06977269959117
"Thompson, Hardy and Ramos",73294,31718824.6,6352372.12,25961648.63,10285014.96,15114778.84,7250769.4399999995,INR 20 to 30 lacs,0% to 10%,EBITDA -ve,10% to 20%,27.928771178350235,58.21964180862578
"Thompson, Morris and Allen",65916,26278725.7,6409226.51,20445570.8,6717666.71,13088190.149999999,5060049.56,INR 20 to 30 lacs,More than 30%,EBITDA -ve,10% to 20%,24.7488789112212,64.01479458817553
Thompson-Reese,62629,26225636.0,5952656.07,20766359.58,8171554.5600000005,12025527.74,3971651.1,More than 40 lacs,0% to 10%,EBITDA +ve,0% to 10%,19.12540849877743,57.90869455800881
Thompson-Weiss,67253,25780498.82,5972967.5,20370519.43,8555102.6,11276215.02,3074969.11,INR 20 to 30 lacs,10% to 20%,EBITDA +ve,0% to 10%,15.095192444977334,55.35555958083883
Todd Inc,71343,25946718.009999998,6130378.77,20295273.0,8250869.37,11479947.200000001,3024689.54,More than 40 lacs,0% to 10%,EBITDA -ve,10% to 20%,14.903418840436391,56.564635518822534
Torres Ltd,71933,28060571.98,5937465.3100000005,22669437.240000002,8941105.41,13097469.379999999,5155540.949999999,INR 20 to 30 lacs,More than 30%,EBITDA -ve,More than 20%,22.742253790504765,57.77589113191412
"Torres, Sanders and Moon",67963,29064926.16,7173541.22,22456372.95,8201669.97,13663804.82,5330951.2,More than 40 lacs,10% to 20%,EBITDA +ve,0% to 10%,23.73914617409309,60.846000600466525
"Tran, Scott and Harrison",63837,23404861.93,5378611.61,18575956.11,7502406.13,10472486.64,2321541.79,INR 30 to 40 lacs,More than 30%,EBITDA +ve,10% to 20%,12.497562850884664,56.376568602906765
Valdez Inc,73331,31660742.77,7852816.149999999,24239688.330000002,9496451.94,14312349.63,6136833.69,More than 40 lacs,More than 30%,EBITDA +ve,10% to 20%,25.31729618983925,59.04510584109478
Valenzuela and Sons,69906,26976811.88,4825278.85,22581741.19,8563598.74,13359379.11,5364896.77,INR 30 to 40 lacs,More than 30%,EBITDA +ve,10% to 20%,23.75767539296645,59.160093092892275
Vazquez and Sons,54077,20610070.06,4983821.29,16207397.73,6031575.58,9620389.95,1553808.27,INR 30 to 40 lacs,More than 30%,EBITDA -ve,More than 20%,9.58703115629655,59.35801730954374
Vazquez-Lowe,66546,25914228.73,6343519.069999999,20137417.26,7633796.44,11862341.47,3812698.91,More than 40 lacs,More than 30%,EBITDA +ve,More than 20%,18.933405713221042,58.90696565920987
Vincent Inc,67227,23042583.11,5388936.16,18165865.46,6642533.800000001,10995824.69,2396642.2800000003,More than 40 lacs,0% to 10%,EBITDA +ve,More than 20%,13.193108169149681,60.53014492599902
Wagner Ltd,70139,30687736.34,6403495.45,24783848.14,9373662.27,14884061.93,6833216.08,More than 40 lacs,More than 30%,EBITDA -ve,More than 20%,27.571247376114695,60.05549197171606
"Walker, Castillo and Powers",60846,21747749.82,4776554.97,17479890.65,5969045.96,10893194.39,2757443.91,More than 40 lacs,More than 30%,EBITDA -ve,0% to 10%,15.774949427386723,62.31843555611718
Walker-Mosley,71013,28508843.95,6334302.98,22707536.63,9285509.36,12912839.37,5057322.39,INR 30 to 40 lacs,10% to 20%,EBITDA -ve,More than 20%,22.27155887670586,56.865874887284065
"Wallace, Carr and Smith",66171,27743236.83,5698429.64,22489624.259999998,8202822.26,13577920.25,5257049.14,More than 40 lacs,10% to 20%,EBITDA -ve,More than 20%,23.37544228940355,60.374153400818095
Walter PLC,64073,25480490.560000002,4533672.34,21500360.53,8698805.219999999,12211852.39,4253040.0,INR 20 to 30 lacs,10% to 20%,EBITDA +ve,More than 20%,19.781249686793043,56.79836099939111
Warren Ltd,64606,23516108.47,4679930.59,19344376.810000002,7334783.21,11314924.309999999,3072225.0,INR 20 to 30 lacs,0% to 10%,EBITDA -ve,10% to 20%,15.881747084309406,58.49205906778445
Warren-Mcknight,71681,29916819.73,6786043.86,23584712.509999998,8631682.95,14404797.56,6399959.77,INR 30 to 40 lacs,More than 30%,EBITDA +ve,10% to 20%,27.136051657557392,61.07684184783816
"Washington, Wilson and Henry",70540,27818269.85,5678660.0,22659095.07,8240703.0,13868714.89,6108241.58,INR 30 to 40 lacs,10% to 20%,EBITDA +ve,10% to 20%,26.95712940490346,61.205952166915026
Watson Group,65189,24027457.990000002,5406546.58,19169459.759999998,6501935.87,12098776.2,4042223.5700000003,INR 20 to 30 lacs,0% to 10%,EBITDA +ve,0% to 10%,21.086789198069717,63.114852225757254
"Webb, Brown and Reeves",55484,24865206.86,5494465.59,19954172.16,8085237.12,11113272.33,3212855.28,INR 30 to 40 lacs,10% to 20%,EBITDA -ve,10% to 20%,16.101170493258888,55.69397838652305
Wells-Hopkins,57302,22877073.07,4848108.33,18462384.02,7326248.68,10547187.34,2275095.7,INR 20 to 30 lacs,More than 30%,EBITDA +ve,10% to 20%,12.32287064084154,57.1279815682222
"Wheeler, Moses and Wilson",64436,27396445.54,5671820.27,22336356.58,8699945.25,13163569.190000001,4731013.47,INR 30 to 40 lacs,0% to 10%,EBITDA +ve,0% to 10%,21.180775177255878,58.93337681485027
Wilkins-Dean,58978,25986077.86,4905156.46,21550580.330000002,9024744.51,12084861.08,3671697.6,More than 40 lacs,10% to 20%,EBITDA -ve,0% to 10%,17.037581094225686,56.07673155407783
Williams Group,69089,25971732.0,5879861.67,20592275.189999998,8248176.78,11660051.75,3349196.3000000003,INR 20 to 30 lacs,10% to 20%,EBITDA +ve,10% to 20%,16.264333441048972,56.623426223744055
Williams Ltd,65005,28001606.619999997,6351007.359999999,22145822.64,8480841.57,13169217.25,5066286.539999999,INR 30 to 40 lacs,10% to 20%,EBITDA +ve,More than 20%,22.87693991935627,59.46592034117365
"Wilson, Nelson and Hall",60565,25922064.67,6352606.47,20091154.66,6995171.11,12496701.01,4882489.2,INR 20 to 30 lacs,10% to 20%,EBITDA -ve,More than 20%,24.301685406467328,62.20001399362081
"Wolf, Quinn and Johnson",62539,21448730.35,4944251.53,17056738.490000002,7020147.92,9406775.3,1267902.1300000001,More than 40 lacs,0% to 10%,EBITDA +ve,More than 20%,7.433438290346913,55.14990632889746
"Wood, Ellis and Zavala",64422,26649822.880000003,6612599.87,20645480.84,7973718.16,12074804.66,4225657.53,INR 20 to 30 lacs,More than 30%,EBITDA +ve,0% to 10%,20.46771185785567,58.48642980794823
"Wood, Martinez and Beck",75189,32850181.79,7447918.92,25866727.03,10051758.38,15197707.96,6856792.92,INR 20 to 30 lacs,0% to 10%,EBITDA -ve,More than 20%,26.50815819120661,58.753888508483634
"Wood, Vasquez and Garcia",62252,25260051.11,5229589.71,20676165.86,8771893.22,11236732.92,2721933.68,INR 30 to 40 lacs,0% to 10%,EBITDA -ve,0% to 10%,13.164595885090275,54.346308672917566
"Woodard, Dominguez and Miller",67726,24848953.72,5776338.42,19781973.39,7269727.4,11959665.94,4047340.12,More than 40 lacs,0% to 10%,EBITDA +ve,10% to 20%,20.45973897652685,60.45739575226473
"Wright, Floyd and Taylor",56115,21006822.259999998,4921321.43,16559339.61,6626199.49,9309540.45,854224.27,More than 40 lacs,More than 30%,EBITDA +ve,10% to 20%,5.158564834820729,56.219273650128365
Wright-Massey,64535,27085832.28,6000352.01,21529638.39,8379361.42,12630525.22,4235366.97,INR 30 to 40 lacs,10% to 20%,EBITDA +ve,More than 20%,19.672262456424843,58.66575643865238
Young Ltd,65271,25786357.240000002,5826737.49,20466173.29,8755243.25,11142526.879999999,2969628.42,More than 40 lacs,0% to 10%,EBITDA +ve,0% to 10%,14.509934895601582,54.44362618313391
